BBSymbol,NSESymbol
NSEBANKA 5 P35200 Index,BANKNIFTY2250535200PE
NSEBANKA 5 P35300 Index,BANKNIFTY2250535300PE
NSEBANKA 5 P35400 Index,BANKNIFTY2250535400PE
NSEBANKA 5 P35500 Index,BANKNIFTY2250535500PE
NSEBANKA 5 P35600 Index,BANKNIFTY2250535600PE
NSEBANKA 5 C35700 Index,BANKNIFTY2250535700CE
NSEBANKA 5 C35800 Index,BANKNIFTY2250535800CE
NSEBANKA 5 C35900 Index,BANKNIFTY2250535900CE
NSEBANKA 5 C36000 Index,BANKNIFTY2250536000CE
NSEBANKA 5 C36100 Index,BANKNIFTY2250536100CE
NSEBANKA 5 C36200 Index,BANKNIFTY2250536200CE
NIFTYC 5 P16600 Index,NIFTY2250516600PE
NIFTYC 5 P16650 Index,NIFTY2250516650PE
NIFTYC 5 P16700 Index,NIFTY2250516700PE
NIFTYC 5 P16750 Index,NIFTY2250516750PE
NIFTYC 5 P16800 Index,NIFTY2250516800PE
NIFTYC 5 C16850 Index,NIFTY2250516850CE
NIFTYC 5 C16900 Index,NIFTY2250516900CE
NIFTYC 5 C16950 Index,NIFTY2250516950CE
NIFTYC 5 C17000 Index,NIFTY2250517000CE
NIFTYC 5 C17050 Index,NIFTY2250517050CE
NIFTYC 5 P16900 Index,NIFTY2250516900PE
NSEBANKA 5 P35800 Index,BANKNIFTY2250535800PE
NSEBANKA 5 P35700 Index,BANKNIFTY2250535700PE
NSEBANKA 5 P35900 Index,BANKNIFTY2250535900PE
